EQDS0Q	physics_9801008
EQDS1Q	physics_9801008
EQDS2Q	physics_9801008
EQDS3Q	physics_9801008
EQDS4Q	physics_9801008
EQDS5Q	physics_9801008
EQDS6Q	physics_9801008
EQDS7Q	physics_9801008
EQDS8Q	physics_9801008
EQDS9Q	physics_9801008
EQDS10Q	physics_9801008
EQDS11Q	physics_9801008
EQDS12Q	physics_9801008
EQDS13Q	physics_9801008
EQDS14Q	physics_9801008
EQDS15Q	physics_9801008
EQDS16Q	physics_9801008
EQDS17Q	physics_9801008
EQDS18Q	physics_9801008
EQDS19Q	physics_9801008
EQDS20Q	physics_9801008
EQDS21Q	physics_9801008
EQDS22Q	physics_9801008
EQDS23Q	physics_9801008
EQDS24Q	physics_9801008
EQDS25Q	physics_9801008
EQDS26Q	physics_9801008
EQDS27Q	physics_9801008
EQDS28Q	physics_9801008
EQDS29Q	physics_9801008
EQDS30Q	physics_9801008
EQDS31Q	physics_9801008
EQDS32Q	physics_9801008
EQDS33Q	physics_9801008
EQDS34Q	physics_9801008
EQDS35Q	physics_9801008
EQDS36Q	physics_9801008
EQDS37Q	physics_9801008
EQDS38Q	physics_9801008
EQDS39Q	physics_9801008
EQDS40Q	physics_9801008
EQDS41Q	physics_9801008
EQDS42Q	physics_9801008
EQDS43Q	physics_9801008
EQDS44Q	physics_9801008
EQDS45Q	physics_9801008
EQDS46Q	physics_9801008
EQDS47Q	physics_9801008
EQDS48Q	physics_9801008
EQDS49Q	physics_9801008
EQDS50Q	physics_9801008
EQDS51Q	physics_9801008
EQDS52Q	physics_9801008
EQDS53Q	physics_9801008
EQDS54Q	physics_9801008
EQDS55Q	physics_9801008
EQDS56Q	physics_9801008
EQDS57Q	physics_9801008
EQDS58Q	physics_9801008
EQDS59Q	physics_9801008
EQDS60Q	physics_9801008
EQDS61Q	physics_9801008
EQDS62Q	physics_9801008
EQDS63Q	physics_9801008
EQDS64Q	physics_9801008
EQDS65Q	physics_9801008
EQDS66Q	physics_9801008
EQDS67Q	physics_9801008
EQDS68Q	physics_9801008
EQDS69Q	physics_9801008
EQDS70Q	physics_9801008
EQDS71Q	physics_9801008
EQDS72Q	physics_9801008
EQDS73Q	physics_9801008
EQDS74Q	physics_9801008
EQDS75Q	physics_9801008
EQDS76Q	physics_9801008
EQDS77Q	physics_9801008
EQDS78Q	physics_9801008
EQDS79Q	physics_9801008
EQDS80Q	physics_9801008
EQDS81Q	physics_9801008
EQDS82Q	physics_9801008
EQDS83Q	physics_9801008
EQDS84Q	physics_9801008
EQDS85Q	physics_9801008
EQDS86Q	physics_9801008
EQDS87Q	physics_9801008
EQDS88Q	physics_9801008
EQDS89Q	physics_9801008
EQDS90Q	physics_9801008
EQDS91Q	physics_0607231
EQDS92Q	physics_0607231
EQDS93Q	physics_0607231
EQDS94Q	physics_0607231
EQDS95Q	physics_9912056
EQDS96Q	physics_9912056
EQDS97Q	physics_9912056
EQDS98Q	physics_9912056
EQDS99Q	physics_9912056
EQDS100Q	physics_9912056
EQDS101Q	physics_9912056
EQDS102Q	physics_9912056
EQDS103Q	physics_9912056
EQDS104Q	physics_9912056
EQDS105Q	physics_9912056
EQDS106Q	physics_9912056
EQDS107Q	physics_9912056
EQDS108Q	physics_9912056
EQDS109Q	physics_9912056
EQDS110Q	physics_9912056
EQDS111Q	physics_9912056
EQDS112Q	physics_9912056
EQDS113Q	physics_9912056
EQDS114Q	physics_9912056
EQDS115Q	physics_9912056
EQDS116Q	physics_9912056
EQDS117Q	physics_9912056
EQDS118Q	physics_9912056
EQDS119Q	physics_9912056
EQDS120Q	physics_9912056
EQDS121Q	physics_9912056
EQDS122Q	physics_9912056
EQDS123Q	physics_9912056
EQDS124Q	physics_9912056
EQIX0Q	physics_9801008
EQIX1Q	physics_9801008
EQIX2Q	physics_9801008
EQIX3Q	physics_9801008
EQIX4Q	physics_9801008
EQIX5Q	physics_9801008
EQIX6Q	physics_9801008
EQIX7Q	physics_9801008
EQIX8Q	physics_9801008
EQIX9Q	physics_9801008
EQIX10Q	physics_9801008
EQIX11Q	physics_9801008
EQIX12Q	physics_9801008
EQIX13Q	physics_9801008
EQIX14Q	physics_9801008
EQIX15Q	physics_9801008
EQIX16Q	physics_9801008
EQIX17Q	physics_9801008
EQIX18Q	physics_9801008
EQIX19Q	physics_9801008
EQIX20Q	physics_9801008	physics_9912056
EQIX21Q	physics_9801008	physics_9912056
EQIX22Q	physics_9801008
EQIX23Q	physics_9801008	physics_9912056
EQIX24Q	physics_9801008
EQIX25Q	physics_9801008
EQIX26Q	physics_9801008
EQIX27Q	physics_9801008
EQIX28Q	physics_9801008
EQIX29Q	physics_9801008
EQIX30Q	physics_9801008
EQIX31Q	physics_9801008
EQIX32Q	physics_9801008
EQIX33Q	physics_9801008
EQIX34Q	physics_9801008
EQIX35Q	physics_9801008
EQIX36Q	physics_9801008
EQIX37Q	physics_9801008
EQIX38Q	physics_9801008
EQIX39Q	physics_9801008
EQIX40Q	physics_9801008
EQIX41Q	physics_9801008
EQIX42Q	physics_9801008
EQIX43Q	physics_9801008
EQIX44Q	physics_9801008
EQIX45Q	physics_9801008
EQIX46Q	physics_9801008
EQIX47Q	physics_9801008
EQIX48Q	physics_9801008
EQIX49Q	physics_9801008
EQIX50Q	physics_9801008
EQIX51Q	physics_9801008
EQIX52Q	physics_9801008
EQIX53Q	physics_9801008
EQIX54Q	physics_9801008
EQIX55Q	physics_9801008
EQIX56Q	physics_9801008
EQIX57Q	physics_9801008
EQIX58Q	physics_9801008
EQIX59Q	physics_9801008
EQIX60Q	physics_9801008
EQIX61Q	physics_9801008
EQIX62Q	physics_9801008
EQIX63Q	physics_9801008
EQIX64Q	physics_9801008
EQIX65Q	physics_9801008
EQIX66Q	physics_9801008
EQIX67Q	physics_9801008
EQIX68Q	physics_9801008
EQIX69Q	physics_9801008
EQIX70Q	physics_9801008
EQIX71Q	physics_9801008
EQIX72Q	physics_9801008
EQIX73Q	physics_9801008
EQIX74Q	physics_9801008
EQIX75Q	physics_9801008
EQIX76Q	physics_9801008
EQIX77Q	physics_9801008
EQIX78Q	physics_9801008
EQIX79Q	physics_9801008
EQIX80Q	physics_9801008
EQIX81Q	physics_9801008
EQIX82Q	physics_9801008
EQIX83Q	physics_9801008
EQIX84Q	physics_9801008
EQIX85Q	physics_9801008
EQIX86Q	physics_9801008
EQIX87Q	physics_9801008
EQIX88Q	physics_9801008
EQIX89Q	physics_9801008
EQIX90Q	physics_9801008
EQIX91Q	physics_9801008
EQIX92Q	physics_9801008
EQIX93Q	physics_9801008
EQIX94Q	physics_9801008
EQIX95Q	physics_9801008
EQIX96Q	physics_9801008
EQIX97Q	physics_9801008
EQIX98Q	physics_9801008
EQIX99Q	physics_9801008
EQIX100Q	physics_9801008
EQIX101Q	physics_9801008
EQIX102Q	physics_9801008
EQIX103Q	physics_9801008
EQIX104Q	physics_9801008
EQIX105Q	physics_9801008
EQIX106Q	physics_9801008
EQIX107Q	physics_9801008
EQIX108Q	physics_9801008
EQIX109Q	physics_9801008
EQIX110Q	physics_9801008
EQIX111Q	physics_9801008
EQIX112Q	physics_9801008
EQIX113Q	physics_9801008
EQIX114Q	physics_9801008	physics_0607231
EQIX115Q	physics_9801008
EQIX116Q	physics_9801008
EQIX117Q	physics_9801008	physics_9912056
EQIX118Q	physics_9801008
EQIX119Q	physics_9801008
EQIX120Q	physics_9801008
EQIX121Q	physics_9801008
EQIX122Q	physics_9801008
EQIX123Q	physics_9801008
EQIX124Q	physics_9801008
EQIX125Q	physics_9801008
EQIX126Q	physics_9801008
EQIX127Q	physics_9801008
EQIX128Q	physics_9801008
EQIX129Q	physics_9801008
EQIX130Q	physics_9801008
EQIX131Q	physics_9801008
EQIX132Q	physics_9801008
EQIX133Q	physics_9801008
EQIX134Q	physics_9801008
EQIX135Q	physics_9801008
EQIX136Q	physics_9801008
EQIX137Q	physics_9801008
EQIX138Q	physics_9801008	physics_9912056
EQIX139Q	physics_9801008
EQIX140Q	physics_9801008
EQIX141Q	physics_9801008
EQIX142Q	physics_9801008
EQIX143Q	physics_9801008
EQIX144Q	physics_9801008
EQIX145Q	physics_9801008
EQIX146Q	physics_9801008
EQIX147Q	physics_9801008
EQIX148Q	physics_9801008
EQIX149Q	physics_9801008
EQIX150Q	physics_9801008
EQIX151Q	physics_9801008
EQIX152Q	physics_9801008
EQIX153Q	physics_9801008
EQIX154Q	physics_9801008
EQIX155Q	physics_9801008
EQIX156Q	physics_9801008
EQIX157Q	physics_9801008
EQIX158Q	physics_9801008
EQIX159Q	physics_9801008
EQIX160Q	physics_9801008
EQIX161Q	physics_9801008
EQIX162Q	physics_9801008
EQIX163Q	physics_9801008
EQIX164Q	physics_9801008
EQIX165Q	physics_9801008
EQIX166Q	physics_9801008
EQIX167Q	physics_9801008
EQIX168Q	physics_9801008
EQIX169Q	physics_9801008
EQIX170Q	physics_9801008
EQIX171Q	physics_9801008
EQIX172Q	physics_9801008
EQIX173Q	physics_9801008
EQIX174Q	physics_9801008
EQIX175Q	physics_9801008
EQIX176Q	physics_9801008
EQIX177Q	physics_9801008
EQIX178Q	physics_9801008
EQIX179Q	physics_9801008
EQIX180Q	physics_9801008
EQIX181Q	physics_9801008
EQIX182Q	physics_9801008	physics_9912056
EQIX183Q	physics_9801008
EQIX184Q	physics_9801008
EQIX185Q	physics_9801008
EQIX186Q	physics_9801008
EQIX187Q	physics_9801008	physics_0607231	physics_9912056
EQIX188Q	physics_9801008
EQIX189Q	physics_9801008
EQIX190Q	physics_9801008
EQIX191Q	physics_9801008
EQIX192Q	physics_9801008
EQIX193Q	physics_9801008
EQIX194Q	physics_9801008
EQIX195Q	physics_9801008
EQIX196Q	physics_9801008
EQIX197Q	physics_9801008
EQIX198Q	physics_9801008
EQIX199Q	physics_9801008
EQIX200Q	physics_9801008
EQIX201Q	physics_9801008
EQIX202Q	physics_9801008
EQIX203Q	physics_9801008
EQIX204Q	physics_9801008
EQIX205Q	physics_9801008
EQIX206Q	physics_9801008
EQIX207Q	physics_9801008
EQIX208Q	physics_9801008
EQIX209Q	physics_9801008
EQIX210Q	physics_9801008
EQIX211Q	physics_9801008
EQIX212Q	physics_9801008
EQIX213Q	physics_9801008
EQIX214Q	physics_9801008
EQIX215Q	physics_9801008
EQIX216Q	physics_9801008
EQIX217Q	physics_9801008
EQIX218Q	physics_9801008
EQIX219Q	physics_9801008
EQIX220Q	physics_9801008
EQIX221Q	physics_9801008
EQIX222Q	physics_9801008
EQIX223Q	physics_9801008
EQIX224Q	physics_9801008
EQIX225Q	physics_9801008
EQIX226Q	physics_9801008
EQIX227Q	physics_9801008
EQIX228Q	physics_9801008
EQIX229Q	physics_9801008
EQIX230Q	physics_9801008	physics_9912056
EQIX231Q	physics_9801008	physics_9912056
EQIX232Q	physics_9801008
EQIX233Q	physics_9801008
EQIX234Q	physics_9801008
EQIX235Q	physics_9801008
EQIX236Q	physics_9801008
EQIX237Q	physics_9801008
EQIX238Q	physics_9801008
EQIX239Q	physics_9801008
EQIX240Q	physics_9801008
EQIX241Q	physics_9801008
EQIX242Q	physics_9801008
EQIX243Q	physics_9801008
EQIX244Q	physics_9801008
EQIX245Q	physics_9801008
EQIX246Q	physics_9801008
EQIX247Q	physics_9801008
EQIX248Q	physics_9801008
EQIX249Q	physics_9801008
EQIX250Q	physics_9801008
EQIX251Q	physics_9801008
EQIX252Q	physics_9801008
EQIX253Q	physics_9801008
EQIX254Q	physics_9801008
EQIX255Q	physics_9801008
EQIX256Q	physics_9801008
EQIX257Q	physics_9801008
EQIX258Q	physics_9801008
EQIX259Q	physics_9801008
EQIX260Q	physics_9801008
EQIX261Q	physics_9801008
EQIX262Q	physics_9801008
EQIX263Q	physics_9801008
EQIX264Q	physics_9801008
EQIX265Q	physics_9801008
EQIX266Q	physics_9801008
EQIX267Q	physics_9801008
EQIX268Q	physics_9801008
EQIX269Q	physics_9801008
EQIX270Q	physics_9801008
EQIX271Q	physics_9801008
EQIX272Q	physics_9801008
EQIX273Q	physics_9801008
EQIX274Q	physics_9801008
EQIX275Q	physics_9801008
EQIX276Q	physics_9801008
EQIX277Q	physics_9801008
EQIX278Q	physics_9801008
EQIX279Q	physics_9801008
EQIX280Q	physics_9801008
EQIX281Q	physics_9801008
EQIX282Q	physics_9801008
EQIX283Q	physics_9801008
EQIX284Q	physics_9801008
EQIX285Q	physics_9801008
EQIX286Q	physics_9801008
EQIX287Q	physics_9801008
EQIX288Q	physics_9801008
EQIX289Q	physics_9801008
EQIX290Q	physics_9801008
EQIX291Q	physics_9801008
EQIX292Q	physics_9801008
EQIX293Q	physics_9801008
EQIX294Q	physics_9801008
EQIX295Q	physics_9801008
EQIX296Q	physics_9801008
EQIX297Q	physics_9801008
EQIX298Q	physics_9801008
EQIX299Q	physics_9801008
EQIX300Q	physics_9801008
EQIX301Q	physics_9801008
EQIX302Q	physics_9801008
EQIX303Q	physics_0607231
EQIX304Q	physics_0607231
EQIX305Q	physics_0607231
EQIX306Q	physics_0607231
EQIX307Q	physics_0607231
EQIX308Q	physics_0607231	physics_9912056
EQIX309Q	physics_0607231
EQIX310Q	physics_0607231
EQIX311Q	physics_0607231
EQIX312Q	physics_0607231
EQIX313Q	physics_0607231
EQIX314Q	physics_0607231
EQIX315Q	physics_0607231
EQIX316Q	physics_0607231
EQIX317Q	physics_0607231
EQIX318Q	physics_0607231
EQIX319Q	physics_0607231
EQIX320Q	physics_0607231
EQIX321Q	physics_0607231
EQIX322Q	physics_0607231
EQIX323Q	physics_0607231
EQIX324Q	physics_0607231
EQIX325Q	physics_9912056
EQIX326Q	physics_9912056
EQIX327Q	physics_9912056
EQIX328Q	physics_9912056
EQIX329Q	physics_9912056
EQIX330Q	physics_9912056
EQIX331Q	physics_9912056
EQIX332Q	physics_9912056
EQIX333Q	physics_9912056
EQIX334Q	physics_9912056
EQIX335Q	physics_9912056
EQIX336Q	physics_9912056
EQIX337Q	physics_9912056
EQIX338Q	physics_9912056
EQIX339Q	physics_9912056
EQIX340Q	physics_9912056
EQIX341Q	physics_9912056
EQIX342Q	physics_9912056
EQIX343Q	physics_9912056
EQIX344Q	physics_9912056
EQIX345Q	physics_9912056
EQIX346Q	physics_9912056
EQIX347Q	physics_9912056
EQIX348Q	physics_9912056
EQIX349Q	physics_9912056
EQIX350Q	physics_9912056
EQIX351Q	physics_9912056
EQIX352Q	physics_9912056
EQIX353Q	physics_9912056
EQIX354Q	physics_9912056
EQIX355Q	physics_9912056
EQIX356Q	physics_9912056
EQIX357Q	physics_9912056
EQIX358Q	physics_9912056
EQIX359Q	physics_9912056
EQIX360Q	physics_9912056
EQIX361Q	physics_9912056
EQIX362Q	physics_9912056
EQIX363Q	physics_9912056
EQIX364Q	physics_9912056
EQIX365Q	physics_9912056
EQIX366Q	physics_9912056
EQIX367Q	physics_9912056
EQIX368Q	physics_9912056
EQIX369Q	physics_9912056
EQIX370Q	physics_9912056
EQIX371Q	physics_9912056
EQIX372Q	physics_9912056
EQIX373Q	physics_9912056
EQIX374Q	physics_9912056
EQIX375Q	physics_9912056
EQIX376Q	physics_9912056
EQIX377Q	physics_9912056
EQIX378Q	physics_9912056
EQIX379Q	physics_9912056
EQIX380Q	physics_9912056
EQIX381Q	physics_9912056
EQIX382Q	physics_9912056
EQIX383Q	physics_9912056
EQIX384Q	physics_9912056
EQIX385Q	physics_9912056
EQIX386Q	physics_9912056
EQIX387Q	physics_9912056
EQIX388Q	physics_9912056
EQIX389Q	physics_9912056
EQIX390Q	physics_9912056
EQIX391Q	physics_9912056
EQIX392Q	physics_9912056
EQIX393Q	physics_9912056
EQIX394Q	physics_9912056
EQIX395Q	physics_9912056
EQIX396Q	physics_9912056
EQIX397Q	physics_9912056
EQIX398Q	physics_9912056
EQIX399Q	physics_9912056
EQIX400Q	physics_9912056
EQIX401Q	physics_9912056
EQIX402Q	physics_9912056
EQIX403Q	physics_9912056
EQIX404Q	physics_9912056
EQIX405Q	physics_9912056
EQIX406Q	physics_9912056
EQIX407Q	physics_9912056
EQIX408Q	physics_9912056
EQIX409Q	physics_9912056
EQIX410Q	physics_9912056
EQIX411Q	physics_9912056
EQIX412Q	physics_9912056
EQIX413Q	physics_9912056
EQIX414Q	physics_9912056
EQIX415Q	physics_9912056
EQIX416Q	physics_9912056
EQIX417Q	physics_9912056
EQIX418Q	physics_9912056
EQIX419Q	physics_9912056
EQIX420Q	physics_9912056
EQIX421Q	physics_9912056
EQIX422Q	physics_9912056
EQIX423Q	physics_9912056
EQIX424Q	physics_9912056
EQIX425Q	physics_9912056
EQIX426Q	physics_9912056
EQIX427Q	physics_9912056
EQIX428Q	physics_9912056
EQIX429Q	physics_9912056
EQIX430Q	physics_9912056
EQIX431Q	physics_9912056
EQIX432Q	physics_9912056
EQIX433Q	physics_9912056
EQIX434Q	physics_9912056
EQIX435Q	physics_9912056
EQIX436Q	physics_9912056
EQIX437Q	physics_9912056
EQIX438Q	physics_9912056
EQIX439Q	physics_9912056
EQIX440Q	physics_9912056
EQIX441Q	physics_9912056
EQIX442Q	physics_9912056
EQIX443Q	physics_9912056
EQIX444Q	physics_9912056
EQIX445Q	physics_9912056
EQIX446Q	physics_9912056
EQIX447Q	physics_9912056
EQIX448Q	physics_9912056
EQIX449Q	physics_9912056
EQIX450Q	physics_9912056
EQIX451Q	physics_9912056
EQIX452Q	physics_9912056
EQIX453Q	physics_9912056
EQIX454Q	physics_9912056
EQIX455Q	physics_9912056
EQIX456Q	physics_9912056
EQIX457Q	physics_9912056
EQIX458Q	physics_9912056
EQIX459Q	physics_9912056
EQIX460Q	physics_9912056
EQIX461Q	physics_9912056
EQIX462Q	physics_9912056
EQIX463Q	physics_9912056
EQIX464Q	physics_9912056
EQIX465Q	physics_9912056
EQIX466Q	physics_9912056
EQIX467Q	physics_9912056
EQIX468Q	physics_9912056
EQIX469Q	physics_9912056
EQIX470Q	physics_9912056
EQIX471Q	physics_9912056
EQIX472Q	physics_9912056
EQIX473Q	physics_9912056
EQIX474Q	physics_9912056
EQIX475Q	physics_9912056
EQIX476Q	physics_9912056
EQIX477Q	physics_9912056
EQIX478Q	physics_9912056
EQIX479Q	physics_9912056
EQIX480Q	physics_9912056
EQIX481Q	physics_9912056
EQIX482Q	physics_9912056
EQIX483Q	physics_9912056
EQIX484Q	physics_9912056
EQIX485Q	physics_9912056
EQIX486Q	physics_9912056
EQIX487Q	physics_9912056
EQIX488Q	physics_9912056
EQIX489Q	physics_9912056
EQIX490Q	physics_9912056
EQIX491Q	physics_9912056
EQIX492Q	physics_9912056
EQIX493Q	physics_9912056
EQIX494Q	physics_9912056
EQIX495Q	physics_9912056
EQIX496Q	physics_9912056
EQIX497Q	physics_9912056
EQIX498Q	physics_9912056
EQIX499Q	physics_9912056
EQIX500Q	physics_9912056
EQIX501Q	physics_9912056
EQIX502Q	physics_9912056
EQIX503Q	physics_9912056
EQIX504Q	physics_9912056
EQIX505Q	physics_9912056
EQIX506Q	physics_9912056
EQIX507Q	physics_9912056
EQIX508Q	physics_9912056
EQIX509Q	physics_9912056
EQIX510Q	physics_9912056
EQIX511Q	physics_9912056
EQIX512Q	physics_9912056
EQIX513Q	physics_9912056
EQIX514Q	physics_9912056
EQIX515Q	physics_9912056
EQIX516Q	physics_9912056
EQIX517Q	physics_9912056
EQIX518Q	physics_9912056
EQIX519Q	physics_9912056
EQIX520Q	physics_9912056
EQIX521Q	physics_9912056
EQIX522Q	physics_9912056
EQIX523Q	physics_9912056
EQIX524Q	physics_9912056
EQIX525Q	physics_9912056
EQIX526Q	physics_9912056
EQIX527Q	physics_9912056
EQIX528Q	physics_9912056
